INSERT INTO Pessoa (id_pessoa, pnome, sobrenome, email, foto, bio) VALUES (31, 'Ana Júlia', 'Viana', 'rochaheitor@moreira.br', 'https://www.lorempixel.com/140/192', 'Assumenda alias dolorum vel tenetur. Quae repellat perspiciatis temporibus. Placeat voluptates facilis fugiat ducimus corrupti.');
INSERT INTO Pessoa (id_pessoa, pnome, sobrenome, email, foto, bio) VALUES (32, 'Luiz Miguel', 'Peixoto', 'eda-luz@pereira.br', 'https://placekitten.com/617/764', 'Molestias maiores accusantium dolores dolore esse amet. Distinctio pariatur esse ullam harum.');
INSERT INTO Pessoa (id_pessoa, pnome, sobrenome, email, foto, bio) VALUES (33, 'Diogo', 'Lima', 'piresluiz-felipe@oliveira.net', 'https://www.lorempixel.com/536/220', 'Error maxime at nulla nulla non neque. Praesentium hic ad atque perspiciatis. Perferendis autem ratione ex temporibus aut. Iste facilis error dolor.');
INSERT INTO Pessoa (id_pessoa, pnome, sobrenome, email, foto, bio) VALUES (34, 'Marcela', 'Alves', 'ramosfrancisco@bol.com.br', 'https://www.lorempixel.com/699/939', 'Consequatur quae suscipit pariatur corporis debitis repellendus. Maxime nisi odio pariatur iure.');
INSERT INTO Pessoa (id_pessoa, pnome, sobrenome, email, foto, bio) VALUES (35, 'Sabrina', 'Freitas', 'oda-luz@martins.br', 'https://www.lorempixel.com/307/338', 'Inventore ratione consequatur facere vitae cum. Autem dolores magni velit.
Earum aliquid dolorem vel ipsam quae.');
INSERT INTO Pessoa (id_pessoa, pnome, sobrenome, email, foto, bio) VALUES (36, 'Pedro Miguel', 'Aragão', 'fariasaugusto@hotmail.com', 'https://dummyimage.com/750x789', 'Qui fuga accusamus ipsam esse quod. Voluptas veritatis soluta. Ex accusamus eligendi quis quidem aut.');
INSERT INTO Pessoa (id_pessoa, pnome, sobrenome, email, foto, bio) VALUES (37, 'Davi Lucas', 'Caldeira', 'ana-luizarezende@yahoo.com.br', 'https://placekitten.com/101/350', 'Dignissimos saepe voluptatibus omnis enim consequatur assumenda. Doloribus fuga est soluta magni quasi maiores recusandae.');
INSERT INTO Pessoa (id_pessoa, pnome, sobrenome, email, foto, bio) VALUES (38, 'Milena', 'Vieira', 'cavalcanticaue@uol.com.br', 'https://www.lorempixel.com/499/867', 'Rerum quasi sed consectetur labore repellat. Sed corrupti laudantium accusantium perspiciatis. Exercitationem doloribus enim temporibus quasi debitis voluptatibus.');
INSERT INTO Pessoa (id_pessoa, pnome, sobrenome, email, foto, bio) VALUES (39, 'Isabella', 'Porto', 'tferreira@hotmail.com', 'https://placekitten.com/517/168', 'Repellendus cumque cum eos reprehenderit quod praesentium consequuntur. Facere incidunt esse consectetur soluta laborum. Modi inventore occaecati adipisci quod.');
INSERT INTO Pessoa (id_pessoa, pnome, sobrenome, email, foto, bio) VALUES (40, 'Olivia', 'Sales', 'miguel85@ig.com.br', 'https://placeimg.com/103/120/any', 'Dolore esse molestiae veniam esse. Cumque explicabo earum quam enim quasi quaerat. Ab consequatur quibusdam ipsa eligendi doloremque.');
INSERT INTO Pessoa (id_pessoa, pnome, sobrenome, email, foto, bio) VALUES (41, 'Maysa', 'Pereira', 'lucca72@yahoo.com.br', 'https://placekitten.com/567/332', 'Quis a beatae ex numquam ipsa. Quo nulla consequatur veritatis. Molestiae distinctio a fuga libero.
Officiis atque excepturi eaque voluptatibus aut. Quidem nobis iusto unde minima.');
INSERT INTO Pessoa (id_pessoa, pnome, sobrenome, email, foto, bio) VALUES (42, 'Brenda', 'Viana', 'costelafernanda@da.com', 'https://www.lorempixel.com/869/294', 'Beatae consequuntur voluptate. Minima voluptas sequi facere. Ipsam quo nisi quia dignissimos.
Explicabo facilis itaque ratione. Fugit laboriosam dignissimos perferendis occaecati perferendis.');
INSERT INTO Pessoa (id_pessoa, pnome, sobrenome, email, foto, bio) VALUES (43, 'Benjamin', 'Lopes', 'azevedoisis@almeida.org', 'https://www.lorempixel.com/256/210', 'Accusamus sit nulla nesciunt excepturi occaecati quam doloremque. Odio cumque fugit asperiores repellendus eos.');
INSERT INTO Pessoa (id_pessoa, pnome, sobrenome, email, foto, bio) VALUES (44, 'Luiz Otávio', 'Monteiro', 'rafaelarezende@gmail.com', 'https://placekitten.com/370/903', 'Ullam dolores nobis consectetur. Fugit itaque ipsa. Esse maxime provident repellendus nemo occaecati.');
INSERT INTO Pessoa (id_pessoa, pnome, sobrenome, email, foto, bio) VALUES (45, 'Felipe', 'Lima', 'maria-sophiacunha@hotmail.com', 'https://placekitten.com/385/26', 'Hic esse repellat quos soluta dolorem suscipit.
Numquam reprehenderit molestias nesciunt architecto odit quam. Iusto corrupti ipsa fuga dignissimos pariatur. Rem reiciendis culpa velit tenetur.');
INSERT INTO Pessoa (id_pessoa, pnome, sobrenome, email, foto, bio) VALUES (46, 'Melissa', 'Viana', 'gustavo-henrique18@da.com', 'https://placeimg.com/630/426/any', 'Non possimus nam velit. Molestiae minima placeat.
Aspernatur labore iusto est. Beatae ipsum facilis quod soluta aliquam ducimus. Asperiores officiis voluptatibus impedit.');
INSERT INTO Pessoa (id_pessoa, pnome, sobrenome, email, foto, bio) VALUES (47, 'Emanuel', 'da Rosa', 'miguel04@yahoo.com.br', 'https://placeimg.com/485/603/any', 'Quisquam deleniti impedit aperiam sapiente optio quo. Autem sunt beatae officiis accusantium iure dolor.');
INSERT INTO Pessoa (id_pessoa, pnome, sobrenome, email, foto, bio) VALUES (48, 'Clarice', 'Cardoso', 'peixotonina@uol.com.br', 'https://www.lorempixel.com/956/637', 'Officiis provident aperiam illum veritatis excepturi laboriosam. Esse cupiditate inventore quo.
Numquam ipsa quibusdam nesciunt earum. Expedita id maxime.');
INSERT INTO Pessoa (id_pessoa, pnome, sobrenome, email, foto, bio) VALUES (49, 'Renan', 'Gomes', 'luiz-fernandovieira@ig.com.br', 'https://placeimg.com/205/728/any', 'Modi tenetur error expedita modi dolor repudiandae suscipit.
Alias quod veritatis facere aut. Recusandae nesciunt voluptate magnam quibusdam neque corrupti cum.');
INSERT INTO Pessoa (id_pessoa, pnome, sobrenome, email, foto, bio) VALUES (50, 'Otávio', 'Gonçalves', 'freitasleandro@ig.com.br', 'https://dummyimage.com/352x24', 'Fugiat quibusdam rem molestiae. Molestias illum deserunt quam iste quae. Perspiciatis animi saepe fugiat mollitia quo dolorum.');
INSERT INTO Aluno (id_aluno, dataNascimento, matricula) VALUES (31, '2005-10-11', 'MATRICULA-8922');
INSERT INTO Aluno (id_aluno, dataNascimento, matricula) VALUES (32, '2001-04-10', 'MATRICULA-2025');
INSERT INTO Aluno (id_aluno, dataNascimento, matricula) VALUES (33, '1998-05-01', 'MATRICULA-1762');
INSERT INTO Aluno (id_aluno, dataNascimento, matricula) VALUES (34, '1995-03-13', 'MATRICULA-6193');
INSERT INTO Aluno (id_aluno, dataNascimento, matricula) VALUES (35, '1999-12-01', 'MATRICULA-1308');
INSERT INTO Aluno (id_aluno, dataNascimento, matricula) VALUES (36, '2005-01-31', 'MATRICULA-6648');
INSERT INTO Aluno (id_aluno, dataNascimento, matricula) VALUES (37, '1999-01-15', 'MATRICULA-1289');
INSERT INTO Aluno (id_aluno, dataNascimento, matricula) VALUES (38, '2007-04-09', 'MATRICULA-5468');
INSERT INTO Aluno (id_aluno, dataNascimento, matricula) VALUES (39, '1995-09-02', 'MATRICULA-3656');
INSERT INTO Aluno (id_aluno, dataNascimento, matricula) VALUES (40, '2004-11-24', 'MATRICULA-9628');
INSERT INTO Professor (id_professor) VALUES (41);
INSERT INTO Professor (id_professor) VALUES (42);
INSERT INTO Professor (id_professor) VALUES (43);
INSERT INTO Professor (id_professor) VALUES (44);
INSERT INTO Professor (id_professor) VALUES (45);
INSERT INTO Professor (id_professor) VALUES (46);
INSERT INTO Professor (id_professor) VALUES (47);
INSERT INTO Professor (id_professor) VALUES (48);
INSERT INTO Professor (id_professor) VALUES (49);
INSERT INTO Professor (id_professor) VALUES (50);
INSERT INTO Formacao (curso, tempo, local, ira) VALUES ('Agente comunitário de saúde', 3, 'Cunha do Norte', 8.36);
INSERT INTO Formacao (curso, tempo, local, ira) VALUES ('Traumatologista', 3, 'Barbosa', 7.63);
INSERT INTO Formacao (curso, tempo, local, ira) VALUES ('Baixista', 4, 'Moura', 9.08);
INSERT INTO Formacao (curso, tempo, local, ira) VALUES ('Radiologista', 5, 'Teixeira', 9.18);
INSERT INTO Formacao (curso, tempo, local, ira) VALUES ('Engraxate', 3, 'Nunes', 9.36);
INSERT INTO Formacao (curso, tempo, local, ira) VALUES ('Caça-talentos/Olheiro', 2, 'Carvalho', 7.39);
INSERT INTO Formacao (curso, tempo, local, ira) VALUES ('Caminhoneiro', 2, 'Azevedo da Prata', 8.4);
INSERT INTO Formacao (curso, tempo, local, ira) VALUES ('Microfonista', 5, 'Dias Verde', 7.43);
INSERT INTO Formacao (curso, tempo, local, ira) VALUES ('Modelista', 3, 'Mendes', 9.98);
INSERT INTO Formacao (curso, tempo, local, ira) VALUES ('Ginasta artística', 3, 'da Conceição de da Cruz', 8.95);
INSERT INTO Experiencia (nome, duracao) VALUES ('Operador de vídeo', 1);
INSERT INTO Experiencia (nome, duracao) VALUES ('Mensageiro', 5);
INSERT INTO Experiencia (nome, duracao) VALUES ('Pedreiro', 2);
INSERT INTO Experiencia (nome, duracao) VALUES ('Intérprete de Bíblias', 1);
INSERT INTO Experiencia (nome, duracao) VALUES ('Maestro', 1);
INSERT INTO Experiencia (nome, duracao) VALUES ('Bombeiro', 4);
INSERT INTO Experiencia (nome, duracao) VALUES ('Pára-quedista', 1);
INSERT INTO Experiencia (nome, duracao) VALUES ('Orientador educacional', 2);
INSERT INTO Experiencia (nome, duracao) VALUES ('Professor', 2);
INSERT INTO Experiencia (nome, duracao) VALUES ('Ferreiro', 4);
INSERT INTO Oficina (titulo, descricao, limiteVagas, status, cargaHoraria, id_professor) VALUES ('O prazer de atingir seus objetivos com força total', 'Oficina introdutória sobre programação Python.', 15, 'ativo', 10, 41);
INSERT INTO Oficina (titulo, descricao, limiteVagas, status, cargaHoraria, id_professor) VALUES ('A segurança de evoluir mais rapidamente', 'Aprenda lógica de programação com jogos.', 21, 'inativo', 20, 42);
INSERT INTO Oficina (titulo, descricao, limiteVagas, status, cargaHoraria, id_professor) VALUES ('A segurança de inovar em estado puro', 'Técnicas de design para iniciantes.', 16, 'inativo', 20, 43);
INSERT INTO Oficina (titulo, descricao, limiteVagas, status, cargaHoraria, id_professor) VALUES ('O conforto de conseguir com confiança', 'Primeiros passos na robótica educacional.', 10, 'inativo', 30, 44);
INSERT INTO Oficina (titulo, descricao, limiteVagas, status, cargaHoraria, id_professor) VALUES ('A liberdade de evoluir simplesmente', 'Oficina de criação de aplicativos móveis.', 28, 'inativo', 30, 45);
INSERT INTO Oficina (titulo, descricao, limiteVagas, status, cargaHoraria, id_professor) VALUES ('O poder de mudar com toda a tranquilidade', 'Fundamentos de redes de computadores.', 22, 'ativo', 30, 46);
INSERT INTO Oficina (titulo, descricao, limiteVagas, status, cargaHoraria, id_professor) VALUES ('A vantagem de avançar com confiança', 'Introdução ao desenvolvimento web com HTML e CSS.', 29, 'inativo', 20, 47);
INSERT INTO Oficina (titulo, descricao, limiteVagas, status, cargaHoraria, id_professor) VALUES ('A certeza de evoluir com força total', 'Criatividade e inovação no ensino de tecnologia.', 18, 'ativo', 10, 48);
INSERT INTO Oficina (titulo, descricao, limiteVagas, status, cargaHoraria, id_professor) VALUES ('A certeza de ganhar naturalmente', 'Ferramentas de produtividade para professores.', 11, 'ativo', 10, 49);
INSERT INTO Oficina (titulo, descricao, limiteVagas, status, cargaHoraria, id_professor) VALUES ('A segurança de ganhar antes de tudo', 'Metodologias ativas aplicadas à educação.', 23, 'inativo', 20, 50);
INSERT INTO Aula (data, horario, id_oficina) VALUES ('2025-03-08', '05:48:46', 2);
INSERT INTO Aula (data, horario, id_oficina) VALUES ('2025-02-12', '13:35:06', 2);
INSERT INTO Aula (data, horario, id_oficina) VALUES ('2025-07-09', '12:24:41', 3);
INSERT INTO Aula (data, horario, id_oficina) VALUES ('2025-02-06', '22:06:12', 4);
INSERT INTO Aula (data, horario, id_oficina) VALUES ('2025-03-05', '22:17:16', 5);
INSERT INTO Aula (data, horario, id_oficina) VALUES ('2025-07-23', '00:20:40', 6);
INSERT INTO Aula (data, horario, id_oficina) VALUES ('2025-02-07', '13:24:53', 2);
INSERT INTO Aula (data, horario, id_oficina) VALUES ('2025-07-12', '01:50:00', 3);
INSERT INTO Aula (data, horario, id_oficina) VALUES ('2025-06-04', '23:54:37', 3);
INSERT INTO Aula (data, horario, id_oficina) VALUES ('2025-01-10', '05:55:25', 4);
INSERT INTO Categoria (nome) VALUES ('Laborum');
INSERT INTO Categoria (nome) VALUES ('Sed');
INSERT INTO Categoria (nome) VALUES ('Dicta');
INSERT INTO Categoria (nome) VALUES ('Occaecati');
INSERT INTO Categoria (nome) VALUES ('Nostrum');
INSERT INTO Categoria (nome) VALUES ('Suscipit');
INSERT INTO Categoria (nome) VALUES ('Doloribus');
INSERT INTO Categoria (nome) VALUES ('Odio');
INSERT INTO Categoria (nome) VALUES ('Fugit');
INSERT INTO Categoria (nome) VALUES ('Delectus');
INSERT INTO Avaliacao (nota, dataAvaliacao, comentario, id_aluno, id_oficina) VALUES (6.8, '2025-03-27', 'Fugit delectus perspiciatis quidem cumque nulla. Explicabo sint veritatis.', 40, 4);
INSERT INTO Avaliacao (nota, dataAvaliacao, comentario, id_aluno, id_oficina) VALUES (8.6, '2025-04-10', 'Aut mollitia magnam blanditiis inventore placeat eaque architecto.', 32, 4);
INSERT INTO Avaliacao (nota, dataAvaliacao, comentario, id_aluno, id_oficina) VALUES (6.8, '2025-02-08', 'Reprehenderit commodi voluptate vero. Doloremque laborum voluptate praesentium accusamus.', 38, 2);
INSERT INTO Avaliacao (nota, dataAvaliacao, comentario, id_aluno, id_oficina) VALUES (9.8, '2025-03-22', 'Repellat soluta culpa labore modi quasi doloribus. Esse hic quae magni consequatur doloremque qui.', 37, 2);
INSERT INTO Avaliacao (nota, dataAvaliacao, comentario, id_aluno, id_oficina) VALUES (6.8, '2025-01-18', 'Accusamus tenetur pariatur cumque praesentium fugit. Quia eaque aliquid iusto at.', 39, 2);
INSERT INTO Avaliacao (nota, dataAvaliacao, comentario, id_aluno, id_oficina) VALUES (7.2, '2025-02-27', 'Esse accusantium ducimus dolore. Reiciendis quas nisi minima.', 36, 6);
INSERT INTO Avaliacao (nota, dataAvaliacao, comentario, id_aluno, id_oficina) VALUES (6.9, '2025-03-20', 'Vel exercitationem delectus eius. Voluptatum in tenetur officia exercitationem in.', 35, 3);
INSERT INTO Avaliacao (nota, dataAvaliacao, comentario, id_aluno, id_oficina) VALUES (8.0, '2025-07-19', 'Delectus id sunt qui. Similique necessitatibus consectetur aperiam beatae accusantium molestiae.', 35, 3);
INSERT INTO Avaliacao (nota, dataAvaliacao, comentario, id_aluno, id_oficina) VALUES (7.8, '2025-02-05', 'Vel inventore possimus voluptas facilis. Iste cupiditate maiores ab. Harum dolore inventore earum.', 34, 3);
INSERT INTO Avaliacao (nota, dataAvaliacao, comentario, id_aluno, id_oficina) VALUES (7.3, '2025-04-02', 'Similique rem autem accusamus natus dicta ratione. Asperiores culpa inventore qui dolores itaque.', 34, 5);
INSERT INTO Certificado (dataEmissao, arquivo) VALUES ('2025-04-15', 'https://placeimg.com/181/676/any');
INSERT INTO Certificado (dataEmissao, arquivo) VALUES ('2025-06-04', 'https://placekitten.com/934/553');
INSERT INTO Certificado (dataEmissao, arquivo) VALUES ('2025-06-11', 'https://www.lorempixel.com/284/216');
INSERT INTO Certificado (dataEmissao, arquivo) VALUES ('2025-03-14', 'https://dummyimage.com/501x487');
INSERT INTO Certificado (dataEmissao, arquivo) VALUES ('2025-02-09', 'https://www.lorempixel.com/1012/617');
INSERT INTO Certificado (dataEmissao, arquivo) VALUES ('2025-06-30', 'https://placeimg.com/806/955/any');
INSERT INTO Certificado (dataEmissao, arquivo) VALUES ('2025-02-08', 'https://www.lorempixel.com/361/67');
INSERT INTO Certificado (dataEmissao, arquivo) VALUES ('2025-07-09', 'https://placeimg.com/123/487/any');
INSERT INTO Certificado (dataEmissao, arquivo) VALUES ('2025-02-04', 'https://placeimg.com/34/198/any');
INSERT INTO Certificado (dataEmissao, arquivo) VALUES ('2025-03-11', 'https://dummyimage.com/432x306');
INSERT INTO Formacao_Professor (id_professor, id_formacao) VALUES (50, 2);
INSERT INTO Formacao_Professor (id_professor, id_formacao) VALUES (42, 1);
INSERT INTO Formacao_Professor (id_professor, id_formacao) VALUES (48, 1);
INSERT INTO Formacao_Professor (id_professor, id_formacao) VALUES (43, 9);
INSERT INTO Formacao_Professor (id_professor, id_formacao) VALUES (45, 7);
INSERT INTO Formacao_Professor (id_professor, id_formacao) VALUES (42, 10);
INSERT INTO Formacao_Professor (id_professor, id_formacao) VALUES (43, 2);
INSERT INTO Formacao_Professor (id_professor, id_formacao) VALUES (43, 7);
INSERT INTO Formacao_Professor (id_professor, id_formacao) VALUES (44, 4);
INSERT INTO Formacao_Professor (id_professor, id_formacao) VALUES (50, 3);
INSERT INTO Formacao_Professor (id_professor, id_formacao) VALUES (50, 4);
INSERT INTO Formacao_Professor (id_professor, id_formacao) VALUES (47, 3);
INSERT INTO Formacao_Professor (id_professor, id_formacao) VALUES (41, 2);
INSERT INTO Formacao_Professor (id_professor, id_formacao) VALUES (44, 8);
INSERT INTO Formacao_Professor (id_professor, id_formacao) VALUES (44, 2);
INSERT INTO Formacao_Professor (id_professor, id_formacao) VALUES (43, 6);
INSERT INTO Formacao_Professor (id_professor, id_formacao) VALUES (49, 4);
INSERT INTO Formacao_Professor (id_professor, id_formacao) VALUES (43, 1);
INSERT INTO Formacao_Professor (id_professor, id_formacao) VALUES (44, 1);
INSERT INTO Formacao_Professor (id_professor, id_formacao) VALUES (41, 3);
INSERT INTO Experiencia_Professor (id_professor, id_experiencia) VALUES (48, 5);
INSERT INTO Experiencia_Professor (id_professor, id_experiencia) VALUES (45, 4);
INSERT INTO Experiencia_Professor (id_professor, id_experiencia) VALUES (43, 7);
INSERT INTO Experiencia_Professor (id_professor, id_experiencia) VALUES (44, 6);
INSERT INTO Experiencia_Professor (id_professor, id_experiencia) VALUES (47, 7);
INSERT INTO Experiencia_Professor (id_professor, id_experiencia) VALUES (44, 1);
INSERT INTO Experiencia_Professor (id_professor, id_experiencia) VALUES (50, 2);
INSERT INTO Experiencia_Professor (id_professor, id_experiencia) VALUES (47, 10);
INSERT INTO Experiencia_Professor (id_professor, id_experiencia) VALUES (45, 2);
INSERT INTO Experiencia_Professor (id_professor, id_experiencia) VALUES (47, 9);
INSERT INTO Experiencia_Professor (id_professor, id_experiencia) VALUES (43, 5);
INSERT INTO Experiencia_Professor (id_professor, id_experiencia) VALUES (46, 9);
INSERT INTO Experiencia_Professor (id_professor, id_experiencia) VALUES (50, 1);
INSERT INTO Experiencia_Professor (id_professor, id_experiencia) VALUES (44, 10);
INSERT INTO Experiencia_Professor (id_professor, id_experiencia) VALUES (49, 9);
INSERT INTO Experiencia_Professor (id_professor, id_experiencia) VALUES (42, 6);
INSERT INTO Experiencia_Professor (id_professor, id_experiencia) VALUES (42, 2);
INSERT INTO Experiencia_Professor (id_professor, id_experiencia) VALUES (50, 10);
INSERT INTO Experiencia_Professor (id_professor, id_experiencia) VALUES (44, 9);
INSERT INTO Experiencia_Professor (id_professor, id_experiencia) VALUES (47, 6);
INSERT INTO Oficina_Categorias (id_oficina, id_categoria) VALUES (2, 10);
INSERT INTO Oficina_Categorias (id_oficina, id_categoria) VALUES (13, 8);
INSERT INTO Oficina_Categorias (id_oficina, id_categoria) VALUES (2, 5);
INSERT INTO Oficina_Categorias (id_oficina, id_categoria) VALUES (2, 8);
INSERT INTO Oficina_Categorias (id_oficina, id_categoria) VALUES (3, 8);
INSERT INTO Oficina_Categorias (id_oficina, id_categoria) VALUES (3, 2);
INSERT INTO Oficina_Categorias (id_oficina, id_categoria) VALUES (4, 8);
INSERT INTO Oficina_Categorias (id_oficina, id_categoria) VALUES (4, 10);
INSERT INTO Oficina_Categorias (id_oficina, id_categoria) VALUES (5, 6);
INSERT INTO Oficina_Categorias (id_oficina, id_categoria) VALUES (5, 9);
INSERT INTO Oficina_Categorias (id_oficina, id_categoria) VALUES (6, 1);
INSERT INTO Oficina_Categorias (id_oficina, id_categoria) VALUES (6, 4);
INSERT INTO Oficina_Categorias (id_oficina, id_categoria) VALUES (13, 10);
INSERT INTO Oficina_Categorias (id_oficina, id_categoria) VALUES (13, 5);
INSERT INTO Oficina_Categorias (id_oficina, id_categoria) VALUES (13, 2);
INSERT INTO Oficina_Categorias (id_oficina, id_categoria) VALUES (13, 7);
INSERT INTO Oficina_Categorias (id_oficina, id_categoria) VALUES (13, 4);
INSERT INTO Oficina_Categorias (id_oficina, id_categoria) VALUES (13, 9);
INSERT INTO Oficina_Categorias (id_oficina, id_categoria) VALUES (13, 1);
INSERT INTO Oficina_Categorias (id_oficina, id_categoria) VALUES (3, 9);
INSERT INTO FavoritoOficina (dataFavoritado, id_oficina, id_aluno) VALUES ('2025-07-12', 6, 40);
INSERT INTO FavoritoOficina (dataFavoritado, id_oficina, id_aluno) VALUES ('2025-03-06', 5, 31);
INSERT INTO FavoritoOficina (dataFavoritado, id_oficina, id_aluno) VALUES ('2025-03-17', 3, 34);
INSERT INTO FavoritoOficina (dataFavoritado, id_oficina, id_aluno) VALUES ('2025-04-16', 4, 36);
INSERT INTO FavoritoOficina (dataFavoritado, id_oficina, id_aluno) VALUES ('2025-02-23', 13, 39);
INSERT INTO FavoritoOficina (dataFavoritado, id_oficina, id_aluno) VALUES ('2025-06-24', 5, 36);
INSERT INTO FavoritoOficina (dataFavoritado, id_oficina, id_aluno) VALUES ('2025-01-30', 3, 36);
INSERT INTO FavoritoOficina (dataFavoritado, id_oficina, id_aluno) VALUES ('2025-04-02', 13, 31);
INSERT INTO FavoritoOficina (dataFavoritado, id_oficina, id_aluno) VALUES ('2025-03-01', 13, 36);
INSERT INTO FavoritoOficina (dataFavoritado, id_oficina, id_aluno) VALUES ('2025-01-01', 13, 40);
INSERT INTO FavoritoProfessor (dataFavoritado, id_professor, id_aluno) VALUES ('2025-03-22', 42, 34);
INSERT INTO FavoritoProfessor (dataFavoritado, id_professor, id_aluno) VALUES ('2025-07-27', 45, 33);
INSERT INTO FavoritoProfessor (dataFavoritado, id_professor, id_aluno) VALUES ('2025-01-22', 46, 31);
INSERT INTO FavoritoProfessor (dataFavoritado, id_professor, id_aluno) VALUES ('2025-06-24', 50, 39);
INSERT INTO FavoritoProfessor (dataFavoritado, id_professor, id_aluno) VALUES ('2025-04-22', 42, 34);
INSERT INTO FavoritoProfessor (dataFavoritado, id_professor, id_aluno) VALUES ('2025-04-30', 43, 37);
INSERT INTO FavoritoProfessor (dataFavoritado, id_professor, id_aluno) VALUES ('2025-07-18', 46, 40);
INSERT INTO FavoritoProfessor (dataFavoritado, id_professor, id_aluno) VALUES ('2025-06-16', 42, 35);
INSERT INTO FavoritoProfessor (dataFavoritado, id_professor, id_aluno) VALUES ('2025-04-07', 42, 31);
INSERT INTO FavoritoProfessor (dataFavoritado, id_professor, id_aluno) VALUES ('2025-03-06', 45, 32);
INSERT INTO ListaMatricula (data_entrada, presenca, id_aluno, id_oficina) VALUES ('2025-01-02', True, 33, 13);
INSERT INTO ListaMatricula (data_entrada, presenca, id_aluno, id_oficina) VALUES ('2025-03-02', False, 36, 13);
INSERT INTO ListaMatricula (data_entrada, presenca, id_aluno, id_oficina) VALUES ('2025-05-08', True, 40, 4);
INSERT INTO ListaMatricula (data_entrada, presenca, id_aluno, id_oficina) VALUES ('2025-05-10', True, 35, 3);
INSERT INTO ListaMatricula (data_entrada, presenca, id_aluno, id_oficina) VALUES ('2025-04-30', False, 34, 6);
INSERT INTO ListaMatricula (data_entrada, presenca, id_aluno, id_oficina) VALUES ('2025-05-07', False, 40, 6);
INSERT INTO ListaMatricula (data_entrada, presenca, id_aluno, id_oficina) VALUES ('2025-03-08', True, 31, 4);
INSERT INTO ListaMatricula (data_entrada, presenca, id_aluno, id_oficina) VALUES ('2025-07-11', False, 31, 13);
INSERT INTO ListaMatricula (data_entrada, presenca, id_aluno, id_oficina) VALUES ('2025-05-03', False, 32, 2);
INSERT INTO ListaMatricula (data_entrada, presenca, id_aluno, id_oficina) VALUES ('2025-06-04', False, 39, 13);
INSERT INTO HistoricoParticipacao (id_certificado, id_aluno, id_oficina) VALUES (1, 39, 13);
INSERT INTO HistoricoParticipacao (id_certificado, id_aluno, id_oficina) VALUES (2, 40, 4);
INSERT INTO HistoricoParticipacao (id_certificado, id_aluno, id_oficina) VALUES (3, 40, 13);
INSERT INTO HistoricoParticipacao (id_certificado, id_aluno, id_oficina) VALUES (4, 35, 13);
INSERT INTO HistoricoParticipacao (id_certificado, id_aluno, id_oficina) VALUES (2, 34, 4);
INSERT INTO HistoricoParticipacao (id_certificado, id_aluno, id_oficina) VALUES (2, 35, 2);
INSERT INTO HistoricoParticipacao (id_certificado, id_aluno, id_oficina) VALUES (3, 40, 2);
INSERT INTO HistoricoParticipacao (id_certificado, id_aluno, id_oficina) VALUES (2, 34, 4);
INSERT INTO HistoricoParticipacao (id_certificado, id_aluno, id_oficina) VALUES (1, 38, 13);
INSERT INTO HistoricoParticipacao (id_certificado, id_aluno, id_oficina) VALUES (1, 38, 4);
